dim-1,outlier
115.069355,false
115.366419,false
115.659447,false
115.948410,false
116.233277,true
116.514021,false
116.790613,false
117.063027,false
117.331234,false
117.595209,false
117.854923,false
118.110353,false
-107.815218,true
118.608253,false
118.850674,false
119.088711,false
119.322338,false
119.551534,false
119.776274,false
119.996536,false
-81.166014,true
120.423541,false
120.630241,false
120.832377,false
121.029931,false
121.222881,false
121.411209,false
121.594896,false
121.773924,false
121.948274,false
122.117929,false
122.282873,false
122.443088,false
122.598560,false
122.749271,false
122.895207,false
123.036354,false
123.172698,false
123.304224,false
123.430920,false
123.552772,false
123.669770,false
123.781900,false
123.889153,false
-120.657958,true
124.088981,false
124.181536,false
124.269174,false
124.351884,false
124.429660,false
124.502492,false
124.570374,false
124.633300,false
124.691262,false
124.744255,false
124.792273,true
124.835313,false
124.873368,false
124.906437,true
124.934515,false
124.957599,false
124.975688,false
124.988780,false
124.996872,false
124.999965,false
124.998058,false
124.991151,false
124.979245,false
124.962341,false
124.940441,false
124.913547,false
150.945626,true
124.844788,false
124.802930,false
124.756092,false
124.704278,false
124.647494,false
124.585745,false
124.519038,false
-148.533865,true
124.370775,false
124.289234,false
124.202764,false
124.111374,false
124.015073,false
123.913870,false
123.807776,false
123.696801,false
123.580957,false
123.460254,false
123.334706,false
123.204324,false
123.069122,false
122.929113,false
122.784311,false
122.634730,false
122.480387,false
122.321295,false
122.157471,false
121.988931,false
-100.571613,true
121.637773,false
121.455189,false
121.267960,false
121.076104,false
120.879641,false
-98.280851,true
120.472970,false
120.262803,false
120.048110,false
119.828913,false
119.605233,false
119.377092,false
119.144513,false
118.907520,false
118.666136,false
118.420386,false
118.170294,false
117.915885,false
117.657184,false
117.394217,false
117.127011,false
116.855593,false
116.579989,false
116.300227,false
116.016335,false
115.728341,false
115.436275,false
115.140165,false
114.840041,false
114.535933,false
114.227871,false
113.915887,false
113.600011,false
113.280275,false
-150.454886,true
112.629352,false
112.298229,false
111.963377,false
111.624829,false
111.282618,true
110.936779,false
110.587346,true
110.234354,false
109.877840,false
109.517837,true
109.154383,false
108.787513,false
108.417264,false
108.043674,false
107.666779,false
107.286618,false
106.903228,true
106.516648,false
144.746281,true
105.734072,false
105.338154,false
104.939202,false
104.537257,false
104.132358,false
103.724545,false
103.313860,false
102.900344,false
102.484038,false
102.064983,false
101.643222,false
101.218797,false
100.791749,false
-71.941440,true
99.929960,false
99.495305,false
99.058200,false
98.618689,false
98.176816,false
97.732626,false
97.286162,false
96.837470,false
96.386594,false
95.933579,false
95.478471,false
95.021315,false
94.562157,false
94.101043,false
93.638019,false
93.173131,false
-118.158794,true
92.237950,false
91.767750,false
91.295874,false
90.822368,false
90.347280,false
89.870657,false
89.392547,false
88.912997,false
88.432057,false
87.949773,false
87.466194,false
86.981369,false
-86.142606,true
86.008173,false
85.519899,false
85.030573,false
84.540244,false
84.048961,false
83.556774,false
83.063730,false
82.569881,false
82.075274,false
81.579960,false
142.063620,true
-129.527599,true
80.090267,true
79.592619,false
79.094511,false
78.595994,false
78.097118,false
77.597931,true
77.098485,false
76.598829,false
76.099013,false
75.599087,false
75.099102,false
74.599106,false
74.099150,false
73.599285,true
73.099559,false
72.600024,false
72.100729,false
71.601723,false
71.103058,false
70.604782,false
70.106945,false
145.336862,true
69.112790,false
68.616571,false
68.120990,false
67.626097,false
67.131941,false
66.638572,false
66.146039,false
65.654392,false
65.163679,false
64.673950,false
64.185253,false
63.697638,false
63.211153,false
62.725847,false
62.241768,false
61.758966,false
61.277487,false
60.797380,false
60.318694,false
59.841476,false
59.365774,false
58.891635,false
58.419107,false
57.948237,false
57.479072,false
57.011659,false
56.546045,false
56.082276,false
55.620400,false
55.160461,false
128.264615,true
54.246581,false
53.792731,false
53.341002,false
52.891438,false
52.444086,true
51.998989,false
51.556192,false
51.115740,true
50.677676,false
50.242044,false
49.808888,false
49.378251,false
48.950176,false
48.524707,false
48.101884,false
47.681752,false
47.264351,false
46.849724,false
46.437912,false
46.028956,false
45.622897,false
45.219775,false
44.819632,false
44.422507,false
44.028440,false
43.637469,true
43.249635,false
42.864976,false
42.483530,false
42.105336,false
41.730432,false
41.358854,false
40.990640,false
40.625828,false
40.264452,false
39.906551,false
39.552158,false
39.201311,false
145.680797,true
38.510389,false
38.170385,false
37.834064,false
37.501459,false
37.172604,false
36.847532,false
36.526274,false
36.208865,false
-103.906132,true
35.585714,false
164.481790,true
34.978328,false
34.680623,false
34.386950,false
34.097339,true
33.811817,false
33.530415,true
33.253159,false
32.980078,false
32.711199,false
32.446549,false
32.186154,false
31.930041,true
31.678234,false
31.430760,false
31.187642,false
30.948906,false
30.714574,false
-136.911977,true
30.259220,false
30.038243,false
29.821762,false
29.609799,false
29.402374,false
29.199510,false
29.001225,false
28.807540,false
28.618475,false
28.434047,false
28.254277,false
28.079180,false
27.908776,false
27.743081,false
27.582111,false
27.425883,false
27.274413,true
132.157105,true
26.985804,false
26.848695,false
26.716401,false
26.588935,false
26.466310,false
26.348538,false
26.235632,false
26.127602,false
-96.583530,true
25.926214,false
25.832876,false
25.744454,false
25.660958,false
25.582397,false
25.508776,false
25.440105,false
25.376390,false
25.317637,true
25.263852,false
25.215041,false
25.171209,false
25.132359,false
25.098496,false
25.069623,false
25.045743,false
25.026858,false
25.012971,false
25.004082,false
25.000193,false
25.001304,false
25.007414,false
-156.643029,true
25.034632,false
25.055737,false
25.081836,false
25.112926,false
25.149005,false
25.190070,false
25.236115,false
25.287137,false
25.343130,false
25.404088,false
25.470006,false
25.540877,false
25.616694,true
25.697449,false
25.783135,false
25.873742,false
25.969262,true
26.069684,false
26.175000,false
26.285198,false
26.400268,false
26.520197,false
26.644975,false
26.774587,false
26.909023,false
27.048267,false
27.192307,false
27.341127,false
27.494713,false
27.653050,false
27.816121,false
27.983911,false
28.156402,false
28.333578,false
28.515420,false
28.701911,false
28.893031,false
-67.959504,true
29.289084,false
29.493977,false
29.703421,false
29.917394,false
30.135876,false
-124.196311,true
-125.990939,true
-76.867223,true
31.054441,false
31.295127,false
31.540183,false
31.789585,false
32.043309,false
32.301328,true
32.563617,false
32.830149,false
33.100899,false
33.375838,false
33.654940,false
33.938176,false
34.225518,false
34.516938,false
34.812406,false
35.111893,false
35.415368,false
35.722802,false
36.034164,false
-84.380650,true
36.668545,false
36.991501,false
37.318258,false
37.648784,false
37.983044,false
38.321006,false
38.662636,false
39.007900,false
39.356762,false
39.709189,false
40.065145,false
40.424595,false
40.787502,true
41.153830,false
41.523543,false
41.896604,false
42.272975,false
42.652618,false
43.035496,false
43.421571,false
43.810804,true
44.203155,false
44.598586,false
44.997057,false
45.398528,false
45.802960,false
46.210311,false
46.620541,false
47.033609,false
-120.043985,true
-131.381806,true
48.289427,false
48.713431,false
49.140063,false
49.569282,false
50.001043,false
50.435305,false
-152.196761,true
51.311153,false
51.752653,false
52.196477,false
52.642582,false
53.090922,false
53.541453,false
53.994130,false
54.448908,false
54.905740,false
55.364582,false
55.825388,false
56.288111,false
56.752705,false
57.219124,false
57.687321,false
58.157250,true
58.628862,false
-136.736926,true
152.960903,true
60.053333,false
60.531209,false
61.010533,false
61.491255,false
61.973328,true
62.456704,false
62.941334,false
63.427169,false
63.914163,false
64.402264,true
64.891426,false
65.381598,false
65.872732,false
66.364779,false
66.857690,false
67.351414,false
67.845904,false
68.341109,false
68.836979,false
69.333466,false
162.897290,true
70.328091,false
70.826129,false
71.324584,false
71.823407,false
72.322547,false
-118.692297,true
73.321581,false
73.821375,false
74.321287,false
74.821266,false
75.321264,false
75.821229,false
76.321112,false
76.820863,false
77.320432,false
77.819769,false
78.318824,false
78.817547,false
79.315888,false
79.813798,false
80.311226,false
80.808124,false
81.304440,false
-108.335997,true
82.295132,false
82.789408,false
-76.441821,true
83.775575,false
-132.199075,true
84.758232,false
85.248121,false
85.736986,false
86.224776,false
86.711444,false
87.196941,true
87.681219,false
88.164228,false
88.645921,false
89.126249,false
89.605165,false
90.082620,false
90.558567,false
91.032958,false
91.505746,false
91.976883,false
92.446323,false
92.914018,false
93.379921,false
93.843987,false
94.306168,false
94.766418,false
95.224692,false
95.680944,false
96.135127,false
96.587197,false
97.037109,false
97.484816,false
97.930275,false
98.373441,false
98.814270,false
99.252717,false
99.688739,true
100.122293,false
100.553334,false
100.981819,false
101.407707,false
101.830954,false
102.251518,false
102.669356,false
103.084428,false
103.496691,false
-149.796026,true
104.312628,false
104.716220,false
105.116840,false
105.514448,false
105.909005,false
106.300472,false
106.688808,false
107.073975,false
107.455935,false
107.834650,false
108.210081,false
108.582191,false
108.950943,false
109.316299,false
109.678225,false
110.036682,false
110.391636,false
110.743050,false
111.090891,false
111.435122,false
111.775710,false
112.112620,false
112.445819,false
112.775273,false
113.100950,false
113.422817,false
113.740842,false
114.054992,false
114.365238,false
114.671546,false
114.973888,false
115.272232,false
115.566549,false
115.856809,false
116.142984,false
116.425044,false
116.702962,false
116.976710,false
117.246260,false
117.511586,false
117.772660,false
118.029457,false
118.281951,false
118.530117,false
118.773931,false
119.013366,false
-140.087075,true
119.479010,false
119.705172,false
119.926863,false
120.144062,false
120.356746,false
120.564895,false
120.768487,false
120.967502,false
121.161921,false
121.351724,false
121.536891,true
121.717405,false
121.893247,false
122.064399,true
122.230846,false
122.392569,false
122.549553,false
122.701782,false
122.849241,false
122.991915,true
123.129790,false
123.262852,false
123.391088,false
123.514485,false
123.633030,false
123.746712,false
123.855520,false
123.959442,false
124.058468,false
124.152588,false
124.241793,false
124.326074,false
124.405422,false
124.479830,false
124.549290,false
124.613794,false
124.673338,false
124.727914,false
-109.261259,true
124.822144,false
124.861788,false
124.896445,false
124.926113,false
124.950788,false
124.970469,false
124.985152,true
124.994837,false
124.999522,false
124.999208,false
124.993893,false
124.983580,false
124.968268,false
124.947959,false
124.922655,false
124.892360,false
124.857075,false
124.816804,false
124.771552,false
124.721322,false
124.666121,false
124.605953,false
124.540824,false
124.470741,false
124.395712,false
124.315742,false
124.230842,false
124.141018,false
124.046280,false
123.946637,false
123.842100,false
123.732679,false
123.618385,false
123.499228,false
123.375222,false
123.246379,false
123.112710,false
122.974231,false
122.830954,false
122.682894,false
122.530066,false
122.372485,false
122.210167,false
122.043127,false
121.871384,false
121.694953,false
121.513853,false
121.328101,false
121.137717,false
120.942719,false
120.743127,false
120.538960,false
-113.116093,true
120.116987,false
119.899222,false
119.676967,false
-80.755265,true
119.219077,false
118.983487,false
118.743500,true
118.499138,false
118.250426,false
117.997389,false
117.740052,false
117.478442,false
117.212583,false
116.942504,false
116.668230,false
116.389789,false
116.107210,false
115.820519,false
115.529747,false
115.234922,false
114.936073,false
114.633231,false
114.326425,false
114.015687,false
113.701048,false
113.382538,false
113.060190,false
112.734036,true
112.404108,false
112.070441,false
111.733066,false
111.392018,false
111.047331,false
110.699039,false
-73.251160,true
109.991781,false
109.632885,false
109.270526,false
108.904740,false
108.535564,false
108.163034,false
107.787188,false
-155.874051,true
107.025698,false
106.640130,false
106.251398,false
105.859540,false
105.464597,false
105.066608,false
104.665611,false
104.261649,false
103.854760,false
103.444985,false
103.032366,false
102.616944,false
102.198761,false
101.777857,false
101.354276,false
100.928059,false
100.499249,false
100.067890,false
99.634024,false
99.197694,false
98.758945,false
98.317820,false
97.874363,false
97.428618,false
96.980631,false
96.530446,false
96.078108,false
95.623661,false
95.167153,false
94.708628,false
94.248132,false
93.785711,false
93.321412,false
92.855280,false
92.387363,false
91.917708,false
91.446360,false
90.973368,false
90.498779,false
90.022639,false
135.101850,true
89.065902,false
88.585399,false
88.103538,false
87.620367,false
87.135933,true
86.650286,false
86.163474,false
85.675546,false
85.186550,false
84.696535,false
84.205551,false
83.713646,false
83.220870,false
-72.866411,true
82.232901,false
81.737806,false
81.242038,false
80.745646,false
80.248679,false
79.751188,false
79.253221,false
78.754829,false
78.256061,false
77.756968,false
77.257599,false
76.758005,false
76.258234,false
75.758338,false
75.258366,false
74.758368,false
74.258394,false
73.758495,false
73.258719,false
72.759118,false
72.259741,false
-135.709159,true
71.261858,false
70.763453,false
70.265471,false
69.767962,false
69.270977,false
68.774565,false
68.278775,false
67.783658,false
67.289262,false
66.795637,false
66.302832,false
65.810898,false
-136.241392,true
64.829834,false
64.340803,false
63.852838,false
63.365988,false
62.880301,false
62.395826,false
61.912612,false
61.430706,false
-128.763488,true
60.471013,false
59.993322,false
59.517132,false
59.042490,false
58.569444,false
58.098040,false
57.628327,false
57.160351,false
56.694159,false
56.229798,false
55.767313,false
55.306752,false
54.848160,false
54.391584,false
-79.740835,true
53.484658,false
53.034400,false
52.586339,false
52.140519,false
51.696984,false
51.255780,false
50.816951,false
50.380540,false
49.946590,false
49.515146,false
49.086251,false
48.659946,false
-136.663670,true
47.815282,false
47.397007,false
46.981492,false
46.568778,false
46.158908,false
45.751922,false
45.347861,false
44.946765,false
44.548674,false
44.153628,false
43.761667,false
43.372829,false
42.987155,false
42.604681,false
42.225447,false
41.849491,false
41.476850,false
41.107560,false
40.741660,false
40.379186,false
40.020174,false
39.664660,false
39.312679,false
38.964268,false
38.619459,false
38.278289,false
37.940791,true
37.606998,false
37.276945,false
36.950664,false
36.628189,false
36.309550,false
35.994780,false
35.683911,false
35.376973,false
35.073998,false
34.775015,false
34.480055,true
34.189146,false
33.902319,false
33.619601,false
33.341022,false
33.066608,false
32.796388,false
145.384276,true
32.268634,false
32.011154,false
31.757973,false
31.509116,false
31.264608,false
31.024474,false
30.788737,false
30.557421,false
30.330549,false
30.108144,false
29.890229,false
29.676824,false
29.467951,false
29.263632,false
29.063887,false
28.868735,false
28.678196,false
28.492289,false
28.311033,false
28.134445,false
27.962545,false
27.795348,false
27.632871,false
-74.833448,true
27.322144,false
27.173924,false
27.030487,false
26.891846,false
158.386871,true
26.629012,false
26.504843,false
26.385525,false
26.271067,false
26.161483,false
26.056782,false
25.956976,false
25.862073,false
25.772085,false
25.687019,true
25.606885,false
25.531690,false
25.461441,false
25.396147,false
25.335813,false
25.280445,false
25.230049,true
25.184630,false
25.144193,false
25.108741,true
25.078278,false
25.052807,false
25.032331,false
25.016852,false
25.006371,true
25.000889,false
25.000407,false
25.004925,false
25.014443,false
25.028959,false
25.048472,false
25.072980,true
25.102481,false
25.136972,false
-95.022666,true
25.220908,false
25.270345,false
25.324755,false
25.384132,false
25.448471,false
25.517766,false
25.592008,false
25.671191,false
25.755307,false
25.844347,false
148.798862,true
26.037165,false
26.140923,true
26.249567,false
26.363086,false
26.481469,false
26.604704,false
26.732778,false
26.865678,false
27.003393,true
27.145906,false
27.293205,false
27.445275,false
27.602100,false
27.763665,false
27.929954,true
28.100949,false
28.276635,false
28.456992,false
28.642004,false
28.831652,false
29.025916,false
29.224778,false
29.428218,false
29.636214,false
29.848747,false
30.065795,false
30.287336,false
30.513349,false
30.743810,false
30.978696,false
31.217985,false
31.461652,false
31.709673,false
31.962023,false
32.218676,false
32.479608,false
32.744792,true
33.014201,false
33.287808,false
33.565587,true
33.847509,false
34.133547,true
34.423671,false
34.717853,false
-129.668260,true
35.318271,false
-108.705834,true
35.934561,false
36.248581,false
36.566477,false
36.888216,false
37.213766,false
37.543094,false
37.876168,false
38.212955,false
38.553420,false
38.897530,false
39.245250,false
39.596546,false
39.951382,false
40.309722,false
40.671532,false
41.036775,false
41.405413,false
41.777412,false
42.152732,false
42.531337,false
42.913189,false
43.298250,false
43.686481,true
44.077843,true
44.472297,false
44.869804,false
-90.387400,true
45.673817,false
46.080243,false
46.489560,false
46.901729,true
47.316707,false
47.734454,false
48.154927,false
48.578085,true
49.003885,false
49.432284,false
49.863240,false
50.296710,false
50.732650,false
51.171017,true
51.611767,false
52.054856,false
52.500239,false
52.947872,false
53.397710,false
53.849708,false
54.303822,false
54.760005,false
55.218212,false
55.678397,false
56.140514,false
56.604518,false
57.070360,false
57.537996,false
58.007378,false
58.478459,false
58.951193,false
59.425531,false
59.901426,false
60.378832,false
60.857699,false
61.337981,false
61.819629,false
62.302595,false
62.786831,false
63.272288,false
63.758918,false
64.246672,false
64.735501,false
65.225356,false
65.716190,false
66.207951,false
66.700592,false
67.194062,false
67.688314,false
68.183296,false
68.678960,false
69.175256,false
-163.566301,true
70.169546,false
70.667441,false
71.165768,false
71.664479,false
72.163524,false
72.662852,false
73.162414,false
-152.805642,true
74.162040,false
74.662003,false
75.162000,false
75.661981,false
76.161896,false
76.661694,false
77.161327,false
77.660743,false
78.159893,false
78.658727,false
79.157196,false
79.655248,false
80.152835,false
80.649907,false
81.146414,false
81.642306,false
82.137534,false
82.632048,false
83.125799,false
83.618738,false
84.110814,false
84.601980,false
85.092185,false
85.581381,false
86.069519,false
86.556550,false
87.042426,false
87.527097,false
88.010515,false
88.492633,false
88.973401,false
89.452772,false
89.930697,false
90.407130,false
90.882022,false
91.355325,false
91.826993,false
92.296979,false
92.765235,false
93.231714,false
93.696370,false
94.159156,false
94.620027,false
95.078935,false
95.535836,false
95.990683,false
96.443431,false
96.894035,false
97.342449,false
97.788630,false
98.232531,false
98.674109,false
99.113320,false
99.550119,false
99.984463,false
100.416309,false
100.845614,false
101.272333,false
101.696426,true
102.117849,true
102.536560,false
102.952518,false
103.365680,false
103.776006,false
104.183454,false
104.587984,true
104.989555,false
105.388127,false
105.783661,false
106.176116,false
106.565453,false
106.951634,false
107.334620,false
107.714372,false
108.090853,false
108.464025,true
108.833851,false
109.200293,false
109.563315,false
140.353289,true
110.278954,false
110.631500,false
110.980483,false
111.325867,true
111.667620,false
112.005705,false
112.340090,false
112.670740,false
112.997624,false
113.320708,false
113.639960,false
113.955348,false
114.266841,false
114.574407,false
114.878015,false
115.177636,false
115.473239,false
115.764794,false
116.052274,false
116.335648,false
116.614888,false
116.889967,false
117.160857,false
117.427531,false
117.689963,false
131.876076,true
118.201993,false
118.451540,false
118.696743,false
-134.194141,true
119.174014,false
119.406036,false
119.633617,false
119.856734,false
120.075366,false
120.289491,false
120.499087,false
120.704132,false
120.904608,false
121.100493,false
121.291768,false
121.478414,false
121.660412,false
121.837744,true
122.010392,false
122.178339,false
122.341569,false
122.500064,false
122.653810,false
122.802790,false
122.946989,false
123.086395,false
123.220991,false
123.350766,false
123.475705,false
123.595797,false
123.711030,false
123.821391,false
123.926870,false
124.027457,false
124.123141,false
124.213912,false
124.299763,false
124.380683,false
-151.940369,true
124.527702,true
-88.893231,true
124.654910,false
124.711070,false
124.762258,false
124.808470,false
124.849701,false
124.885947,false
124.917205,false
124.943471,false
124.964742,false
124.981017,false
124.992295,true
124.998573,false
124.999851,false
124.996129,false
124.987408,false
124.973687,true
124.954970,false
124.931257,false
124.902551,false
124.868855,false
124.830172,false
124.786506,false
124.737862,false
124.684243,false
124.625657,false
124.562107,false
-78.163132,true
124.420147,false
124.341751,false
124.258420,false
124.170163,false
124.076990,false
123.978908,false
123.875929,false
123.768063,false
123.655319,false
140.120934,true
123.415248,false
123.287944,false
123.155811,false
123.018862,false
122.877112,false
122.730574,false
122.579263,false
122.423194,false
122.262383,false
122.096846,false
121.926599,false
121.751659,false
121.572045,false
121.387773,false
121.198862,false
121.005332,false
120.807201,false
120.604489,false
120.397217,false
120.185405,false
119.969075,false
119.748248,false
119.522946,false
119.293192,false
119.059008,false
118.820419,false
118.577448,false
118.330119,false
118.078457,false
117.822487,false
117.562235,false
117.297727,false
117.028989,false
116.756048,false
-113.256378,true
116.197667,false
115.912283,false
115.622808,false
115.329271,false
115.031700,false
114.730127,false
114.424581,false
114.115092,false
113.801691,false
113.484411,false
113.163282,false
112.838337,false
112.509608,false
112.177128,false
111.840931,false
111.501049,false
111.157517,false
110.810370,false
110.459641,false
-75.136177,true
109.747582,false
109.386322,false
109.021624,false
-95.505056,true
108.282058,false
107.907264,false
107.529180,false
-122.240337,true
106.763290,false
106.375562,false
105.984696,true
-73.417524,true
105.193708,false
104.793665,false
104.390643,false
103.984681,false
103.575822,false
103.164104,false
102.749571,false
102.332262,false
101.912220,false
101.489487,false
101.064106,false
100.636117,false
100.205565,false
99.772493,false
99.336943,false
98.898960,false
98.458587,false
98.015868,false
97.570847,false
97.123569,false
96.674079,false
96.222422,false
95.768642,true
95.312786,true
94.854898,false
94.395025,false
93.933212,false
93.469506,true
93.003953,false
92.536600,false
92.067493,false
91.596679,false
91.124206,false
90.650120,false
90.174470,false
89.697301,false
89.218664,true
88.738604,false
88.257170,false
87.774411,false
87.290374,false
86.805108,false
86.318662,false
85.831084,false
85.342423,false
84.852727,false
84.362047,false
83.870430,false
83.377926,true
82.884584,false
82.390454,false
81.895584,false
81.400026,false
80.903827,true
80.407038,false
79.909708,false
79.411887,false
78.913625,false
78.414972,false
77.915977,false
77.416690,true
76.917162,false
76.417442,false
75.917581,false
75.417627,false
74.917632,false
74.417645,false
73.917717,false
73.417896,false
72.918234,false
72.418780,false
71.919584,false
71.420696,false
70.922166,false
70.424044,false
69.926380,false
69.429223,false
68.932622,false
68.436629,true
67.941292,false
67.446661,false
66.952785,false
66.459714,false
65.967497,false
65.476183,false
64.985821,false
64.496461,false
64.008151,false
63.520941,false
-98.912859,true
62.550012,true
62.066391,true
61.584063,false
61.103076,false
60.623480,false
60.145321,false
59.668647,false
59.193507,false
58.719947,false
58.248016,false
57.777759,false
57.309225,false
56.842459,false
56.377510,false
55.914422,false
55.453244,false
54.994020,false
54.536796,false
54.081619,false
53.628533,false
53.177585,false
52.728819,false
52.282280,false
51.838013,false
51.396062,false
50.956471,false
50.519285,false
50.084547,false
49.652300,false
49.222588,false
48.795454,false
48.370940,false
47.949089,false
47.529943,false
47.113544,false
46.699934,false
46.289153,false
45.881244,false
45.476247,false
45.074202,false
44.675149,false
163.298238,true
43.886181,false
43.496345,false
43.109658,false
42.726161,false
42.345891,false
41.968887,false
41.595185,false
41.224824,false
40.857841,false
40.494271,false
40.134153,false
39.777520,false
39.424410,false
39.074858,false
38.728898,false
38.386565,false
38.047894,false
37.712917,false
37.381669,false
37.054184,false
36.730492,false
36.410628,false
36.094622,true
-146.133698,true
35.474314,false
153.255669,true
34.869815,false
34.573570,false
34.281368,false
33.993238,false
33.709208,false
33.429307,false
33.153563,false
32.882004,false
32.614657,false
32.351548,true
32.092704,false
31.838151,false
-147.465707,true
31.342018,false
31.100488,false
30.863347,false
30.630621,false
30.402331,false
30.178501,false
29.959153,false
29.744309,false
29.533991,false
29.328219,false
29.127014,false
28.930397,false
-139.448388,true
28.551002,false
28.368262,false
28.190186,false
28.016791,false
27.848093,false
27.684111,false
27.524861,false
27.370358,false
27.220618,false
27.075656,false
26.935486,false
26.800123,false
26.669579,false
26.543869,false
26.423004,false
26.306997,false
26.195859,false
-68.309237,true
-162.199584,true
25.891770,false
25.800215,false
25.713581,false
25.631875,false
25.555105,false
25.483280,false
25.416407,false
25.354492,false
25.297542,false
25.245562,false
25.198557,false
25.156532,false
25.119492,false
25.087440,false
25.060378,false
25.038311,false
25.021240,false
25.009167,false
25.002093,false
25.000018,false
25.002944,false
25.010869,false
25.023793,false
25.041714,false
25.064632,true
25.092543,false
25.125444,false
25.163333,false
25.206206,false
25.254058,false
25.306884,false
25.364680,false
25.427439,false
25.495156,false
25.567823,false
25.645433,true
25.727978,false
25.815451,false
25.907842,false
26.005143,false
26.107342,false
26.214431,false
26.326399,false
26.443233,false
26.564924,false
26.691458,false
26.822822,false
26.959005,false
27.099991,false
27.245768,false
27.396319,false
27.551632,false
27.711688,false
27.876474,false
28.045972,false
28.220166,false
28.399037,false
28.582568,false
28.770741,false
28.963537,false
29.160937,false
29.362920,true
29.569467,false
29.780558,false
29.996170,false
30.216282,false
30.440873,false
30.669919,false
30.903399,false
31.141288,false
31.383563,false
31.630200,true
31.881173,false
32.136459,false
32.396030,false
32.659862,false
32.927929,false
33.200202,false
33.476655,false
33.757261,false
34.041990,false
34.330816,false
34.623708,false
34.920638,false
35.221576,false
35.526492,false
35.835355,false
36.148134,false
36.464799,false
36.785317,false
37.109656,false
37.437785,false
37.769670,false
38.105277,false
38.444574,false
38.787527,false
39.134101,false
39.484261,false
39.837973,false
40.195202,false
40.555910,false
40.920063,false
41.287624,false
41.658556,false
42.032823,false
42.410386,false
42.791208,false
43.175250,false
43.562476,false
43.952844,false
44.346318,false
44.742857,false
45.142422,false
45.544972,false
45.950468,false
46.358869,false
46.770134,false
47.184222,false
47.601091,false
48.020700,false
48.443007,false
48.867970,false
49.295546,false
49.725693,false
50.158367,false
50.593525,false
51.031123,false
51.471119,true
51.913467,false
52.358124,false
52.805045,false
53.254186,true
53.705501,false
54.158946,false
54.614475,false
55.072042,false
55.531602,false
55.993109,false
56.456516,false
56.921778,false
57.388848,false
57.857679,true
58.328224,false
58.800436,true
59.274268,false
59.749673,false
60.226603,false
-133.903334,true
61.184846,false
-110.629946,true
62.148616,false
62.632452,false
63.117525,false
63.603787,false
64.091188,false
64.579680,false
65.069214,false
65.559741,false
66.051212,false
66.543578,false
67.036790,false
67.530798,false
68.025553,false
68.521005,false
69.017105,false
69.513803,false
70.011051,false
70.508796,false
71.006992,false
-66.819029,true
72.004530,false
72.503773,false
73.003266,false
73.502959,false
74.002801,false
74.502743,false
75.002735,false
75.502727,false
76.002668,false
76.502509,false
77.002200,false
77.501690,false
78.000930,false
78.499871,false
78.998461,false
79.496651,false
79.994392,false
80.491634,false
80.988326,false
81.484419,false
81.979864,false
82.474611,false
82.968610,true
83.461813,false
83.954169,false
84.445631,false
84.936147,false
85.425670,false
85.914150,false
86.401539,false
86.887788,false
87.372848,false
87.856671,false
88.339208,false
88.820411,false
89.300232,false
89.778623,false
90.255536,false
90.730924,false
91.204739,false
91.676933,false
92.147460,false
92.616271,false
93.083322,false
93.548563,false
94.011950,false
94.473436,false
94.932975,false
95.390520,false
95.846026,false
96.299448,false
96.750739,false
97.199856,false
97.646753,false
98.091385,false
98.533708,false
98.973677,false
99.411249,false
99.846380,false
100.279027,false
100.709145,false
101.136693,false
101.561627,false
101.983905,false
102.403485,false
102.820324,false
103.234381,false
103.645615,false
104.053984,false
104.459448,false
104.861966,false
105.261498,false
105.658003,false
106.051443,false
106.441778,false
106.828968,false
107.212976,false
107.593763,false
107.971290,false
108.345520,false
108.716415,false
109.083939,false
109.448055,false
109.808725,false
110.165915,false
110.519589,false
110.869710,false
111.216244,false
111.559157,false
111.898414,true
112.233981,false
112.565825,false
145.377786,true
113.218210,false
113.538687,false
113.855309,false
114.168046,true
114.476866,false
114.781738,false
115.082632,false
115.379518,false
115.672366,false
115.961147,false
116.245832,false
116.526392,false
116.802800,false
117.075027,true
117.343047,false
117.606832,true
117.866357,false
118.121596,false
130.663953,true
118.619111,false
118.861338,false
119.099179,false
119.332611,false
119.561609,false
119.786150,false
120.006214,false
120.221776,false
120.432817,false
120.639314,false
120.841248,false
121.038597,false
121.231342,true
121.419465,false
121.602945,false
121.781766,false
121.955908,false
122.125354,false
122.290088,false
122.450093,false
122.605353,false
122.755853,false
122.901577,true
123.042511,false
123.178641,false
123.309953,false
123.436434,false
123.558071,false
123.674853,false
123.786767,false
123.893802,true
123.995948,false
124.093195,false
124.185532,false
-125.587651,true
124.355443,false
124.432999,false
124.505612,false
124.573274,false
-73.852049,true
124.693721,false
124.746493,false
124.794290,false
124.837108,false
124.874943,false
124.907790,false
124.935646,false
124.958509,false
124.976376,false
124.989245,false
124.997115,false
124.999986,false
124.997857,false
124.990728,false
124.978600,false
124.961474,false
124.939353,false
124.912237,false
-75.323201,true
128.464683,true
124.800956,false
124.753897,false
-155.156602,true
124.644857,false
124.582888,false
124.515961,false
124.444082,false
124.367258,false
124.285498,false
124.198810,false
124.107201,false
124.010682,false
123.909262,false
123.802951,false
123.691760,false
123.575700,false
123.454782,false
129.155350,true
123.198422,false
123.063006,false
122.922784,true
122.777770,true
122.627977,false
122.473422,false
122.314120,false
122.150086,false
121.981338,false
121.807891,false
121.629764,false
121.446973,false
-74.771303,true
121.067477,false
-114.981040,true
120.669555,false
120.463733,false
120.253365,false
120.038472,false
119.819075,false
119.595196,false
119.366857,false
119.134082,false
118.896894,false
118.655316,false
118.409372,false
118.159088,false
117.904487,false
117.645596,false
117.382441,true
117.115047,false
-154.915395,true
116.567653,false
116.287707,false
116.003632,false
115.715457,false
115.423211,false
115.126922,false
114.826620,false
114.522336,false
114.214099,false
113.901942,false
113.585894,false
113.265987,true
112.942254,true
112.614727,false
-99.829280,true
111.948421,false
111.609709,false
111.267337,false
110.921337,false
110.571746,false
110.218597,false
109.861926,false
-78.779200,true
-99.131249,true
108.771142,true
108.400744,false
108.027007,false
107.649966,false
107.269661,false
106.886128,false
106.499408,false
106.109537,false
105.716555,false
105.320501,false
104.921416,false
104.519338,false
104.114309,false
103.706368,false
103.295557,false
102.881916,false
102.465486,false
102.046311,false
101.624430,false
101.199888,false
100.772725,false
100.342985,false
99.910711,false
99.475945,false
99.038733,false
98.599116,false
98.157139,false
97.712847,false
97.266283,false
96.817493,false
96.366521,false
95.913413,false
-75.908545,true
95.000967,false
94.541721,false
94.080522,false
93.617414,true
93.152444,false
92.685659,false
92.217106,false
91.746830,false
91.274881,false
125.176658,true
90.326146,false
89.849456,false
89.371281,false
88.891669,false
88.410668,false
87.928325,false
87.444690,true
86.959811,false
86.473735,false
85.986512,false
85.498191,false
85.008820,false
84.518447,false
84.027123,false
128.385910,true
83.041816,false
82.547932,false
82.053293,false
81.557948,false
-121.116131,true
80.565341,false
80.068178,false
79.570509,false
79.072382,false
78.573848,false
78.074956,false
77.575757,false
77.076300,false
-112.568428,true
76.076814,false
75.576885,false
75.076898,false
74.576903,false
74.076950,false
73.577090,false
73.077372,false
72.577846,true
72.078562,false
71.579571,false
71.080922,false
70.582664,false
70.084849,false
69.587524,false
69.090741,false
68.594549,false
68.098998,false
67.604136,false
67.110015,false
66.616682,false
66.124187,false
65.632580,false
65.141910,false
64.652226,false
64.163576,false
63.676010,false
63.189576,true
62.704324,false
62.220301,false
61.737556,false
131.626308,true
60.776092,false
60.297470,false
59.820318,false
59.344685,false
58.870616,false
58.398161,false
57.927365,false
57.458277,false
56.990944,false
56.525411,false
56.061725,false
55.599933,false
55.140082,false
54.682216,false
54.226382,false
53.772625,false
53.320991,false
52.871525,false
52.424272,false
51.979276,false
51.536583,false
51.096235,false
50.658279,false
50.222756,false
49.789711,false
49.359187,false
48.931227,false
48.505873,false
48.083170,false
47.663158,false
47.245879,false
46.831376,false
46.419690,false
46.010862,false
45.604932,false
45.201943,false
44.801932,false
44.404942,false
44.011011,false
43.620179,false
43.232486,false
42.847968,false
42.466666,false
42.088617,false
-79.144358,true
41.342431,false
40.974367,false
40.609707,false
40.248485,false
39.890738,false
39.536502,false
39.185813,false
38.838705,false
38.495213,false
38.155371,false
37.819214,false
37.486775,false
37.158088,false
36.833184,false
36.512097,false
36.194859,false
35.881501,false
35.572055,false
35.266552,false
34.965022,false
34.667496,true
34.374003,false
34.084572,false
33.799233,false
33.518014,false
33.240943,false
32.968048,false
32.699357,false
32.434895,false
32.174690,false
31.918767,false
31.667152,false
31.419871,false
31.176947,false
30.938406,false
30.704271,false
30.474565,false
30.249312,false
30.028534,false
29.812253,false
-143.352073,true
29.393269,false
29.190607,true
28.992526,false
28.799046,false
28.610186,true
28.425965,false
28.246402,false
28.071513,false
-98.318303,true
27.735832,true
27.575073,true
-138.738443,true
27.267797,false
27.121311,false
26.979614,false
26.842718,false
26.710638,true
26.583386,false
26.460977,false
26.343421,false
26.230731,true
26.122918,false
26.019992,false
25.921964,false
25.828845,false
25.740642,false
-117.827340,true
25.579022,false
25.505622,false
25.437170,false
25.373676,false
25.315143,false
25.261579,false
25.212989,false
25.169378,false
25.130749,false
25.097108,false
25.068456,false
25.044798,false
25.026135,false
25.012470,false
25.003803,false
25.000136,false
25.001469,false
25.007802,false
25.019134,false
25.035463,false
25.056790,false
25.083110,false
25.114423,false
25.150723,false
25.192009,false
25.238275,false
25.289518,true
125.446292,true
25.406910,false
25.473048,false
25.544139,false
25.620176,false
25.701150,false
25.787054,false
25.877880,false
25.973617,false
26.074257,false
26.179790,false
26.290205,false
26.405490,false
26.525635,false
26.650628,false
26.780455,false
26.915104,false
27.054562,false
27.198814,false
27.347847,false
27.501644,false
27.660191,true
-101.512727,true
27.991471,false
28.164171,false
28.341554,false
28.523603,false
28.710300,false
28.901625,false
29.097561,false
29.298086,false
29.503182,false
29.712827,false
29.927001,false
30.145682,false
30.368849,false
30.596479,false
30.828549,false
31.065036,false
31.305916,false
31.551166,false
31.800761,false
32.054676,false
32.312885,true
32.575363,false
32.842083,false
33.113019,false
33.388144,false
33.667430,false
33.950849,false
-126.207309,true
34.529973,false
34.825620,false
35.125285,false
-104.161363,true
35.736546,false
36.048081,false
36.363512,false
36.682806,true
37.005931,false
37.332857,false
37.663548,true
37.997974,false
-66.244677,true
38.677891,true
39.023316,false
39.372337,false
39.724922,false
40.081034,false
40.440638,false
40.803698,false
41.170177,false
41.540039,false
41.913248,false
42.289765,false
42.669553,false
43.052574,false
43.438789,true
-95.878031,true
44.220650,false
44.616217,false
45.014822,false
45.416426,false
45.820988,false
46.228468,false
46.638825,false
47.052018,false
47.468006,false
47.886747,true
48.308199,false
48.732321,false
49.159069,true
49.588402,false
50.020275,false
50.454646,false
50.891472,false
51.330709,false
51.772313,false
52.216239,false
52.662444,false
53.110883,false
53.561510,false
54.014282,false
54.469151,false
54.926074,false
55.385005,false
55.845896,false
56.308703,false
56.773380,false
57.239879,false
57.708154,false
58.178158,false
58.649844,false
59.123165,false
59.598074,false
60.074523,false
60.552465,false
61.031851,false
61.512634,false
61.994766,false
62.478199,false
62.962883,false
63.448772,false
63.935815,false
64.423965,false
64.913172,false
65.403388,false
65.894564,false
66.386650,false
66.879598,false
67.373358,false
67.867880,false
68.363115,false
68.859015,false
69.355528,false
69.852606,true
70.350198,false
70.848255,false
71.346728,false
71.845566,false
72.344719,false
72.844138,false
73.343773,false
73.843573,false
74.343489,false
74.843470,false
75.343467,false
75.843430,false
76.343308,false
76.843052,false
131.638167,true
77.841937,false
78.340978,false
78.839686,false
79.338009,false
79.835898,false
80.333304,false
80.830177,false
81.326466,false
81.822123,false
82.317098,false
82.811341,true
83.304802,false
83.797434,false
84.289185,false
84.780008,false
85.269853,false
85.758670,false
86.246412,false
86.733029,false
87.218473,false
87.702696,false
88.185647,false
88.667281,true
89.147547,false
89.626399,false
-82.218583,true
90.579667,false
91.053988,false
91.526703,false
91.997766,false
92.467129,false
92.934746,false
93.400569,false
93.864552,false
94.326648,false
94.786812,false
95.244997,false
95.701157,true
96.155248,false
96.607223,false
97.057037,false
-153.212989,true
97.950004,false
98.393067,false
98.833791,false
99.272132,false
99.708045,false
159.978911,true
100.572416,false
101.000788,false
156.401013,true
101.849687,false
102.270131,false
102.687848,false
103.102795,false
103.514933,false
103.924219,false
104.330613,false
104.734074,false
105.134561,false
105.532035,false
105.926456,false
106.317784,false
106.705980,false
107.091006,false
107.472822,false
107.851392,false
108.226676,false
108.598638,false
108.967240,true
109.332445,false
109.694217,false
110.052519,false
110.407317,false
-164.097527,true
111.106254,false
111.450324,false
111.790749,false
112.127496,false
-142.584069,true
112.789816,false
113.115325,false
113.437022,false
113.754875,false
114.068853,false
114.378924,false
114.685057,false
114.987222,false
115.285388,false
115.579525,false
115.869605,false
116.155597,false
116.437474,false
116.715208,false
116.988770,false
117.258133,false
117.523270,false
117.784155,false
118.040761,false
118.293064,true
118.541037,false
118.784656,false
119.023897,false
119.258736,false
119.489148,false
119.715112,false
119.936604,false
120.153603,false
120.366086,false
155.117658,true
120.777422,false
120.976234,false
121.170448,false
129.774126,true
121.545006,false
121.725313,false
121.900947,false
122.071891,false
122.238128,false
122.399641,false
122.556414,false
122.708432,false
122.855679,false
122.998140,false
123.135802,false
123.268650,false
123.396671,false
123.519852,false
123.638182,false
123.751648,false
123.860238,false
123.963943,false
124.062751,false
124.156654,false
124.245640,false
124.329702,false
124.408831,false
124.483019,false
124.552259,false
124.616544,false
124.675867,false
124.730223,false
124.779605,false
124.824010,true
124.863432,false
124.897868,false
124.927315,false
124.951768,false
124.971227,false
124.985688,true
124.995151,false
124.999614,false
124.999078,false
124.993542,false
124.983006,false
124.967472,false
124.946941,false
124.921416,false
124.890898,false
124.855392,false
124.814900,false
124.769427,false
124.718976,false
124.663554,false
124.603166,false
124.537817,true
124.467514,false
124.392265,false
-79.405660,true
124.226957,false
124.136915,false
124.041959,false
-143.936250,true
123.837345,true
123.727707,false
123.613196,false
123.493824,false
123.369603,false
123.240545,false
123.106663,false
122.967970,false
122.824480,false
122.676208,false
122.523169,false
122.365377,false
122.202849,false
122.035600,false
121.863648,false
121.687010,false
121.505703,false
121.319745,false
121.129155,false
120.933953,false
120.734157,false
120.529788,false
120.320866,false
120.107412,false
119.889447,false
-82.041233,true
119.440073,false
119.208708,false
118.972923,false
118.732741,false
118.488185,false
118.239280,false
117.986052,false
117.728525,false
117.466725,false
117.200679,false
116.930412,false
125.270828,true
116.377328,false
116.094565,false
115.807693,false
115.516740,false
115.221736,false
114.922709,true
114.619690,false
114.312709,false
114.001797,false
113.686985,false
113.368304,false
113.045787,false
112.719464,false
112.389370,false
112.055537,false
111.717999,false
111.376788,false
111.031940,false
110.683489,false
110.331470,false
109.975917,false
109.616867,false
109.254355,false
-157.716163,true
108.519092,false
108.146414,true
107.770421,false
107.391152,false
107.008643,false
106.622934,false
106.234062,false
105.842067,false
105.446988,false
105.048864,false
104.647735,false
104.243641,true
103.836623,false
103.426722,false
103.013978,false
102.598432,false
102.180127,false
130.016324,true
101.335404,false
100.909071,false
100.480147,false
100.048676,false
99.614699,false
99.178261,false
98.739406,false
98.298176,false
97.854616,false
97.408771,false
96.960686,false
96.510404,false
96.057971,false
95.603432,false
95.146833,false
94.688220,false
94.227637,false
93.765132,false
93.300750,false
92.834539,false
92.366543,false
91.896812,false
91.425390,false
90.952326,false
90.477667,false
90.001460,false
89.523753,false
89.044593,false
88.564029,false
88.082109,false
87.598880,false
87.114392,false
86.628692,false
86.141829,false
85.653853,false
85.164810,false
84.674752,false
84.183725,false
83.691781,false
83.198967,false
82.705334,false
82.210929,false
-158.006063,true
81.220007,false
80.723589,false
80.226597,false
79.729084,false
79.231097,false
78.732687,false
-117.883507,true
77.734798,false
77.235418,false
76.735814,false
76.236037,false
75.736136,false
75.236162,true
-73.503452,true
74.236193,false
73.736298,false
73.236529,true
72.736936,false
72.237570,false
71.738480,false
-97.568761,true
70.741329,false
-149.772263,true
69.745881,false
69.248920,false
68.752535,false
68.256774,false
67.761687,false
67.267324,false
66.773735,false
66.280968,false
65.789073,false
65.298099,true
64.808095,false
64.319111,false
63.831194,false
63.344395,false
-127.841943,true
62.374341,false
61.891183,false
61.409337,false
60.928849,false
60.449769,false
59.972143,true
59.496021,false
59.021449,false
58.548474,false
58.077145,false
57.607508,false
57.139611,false
56.673499,false
56.209220,false
55.746820,false
55.286345,false
54.827842,false
54.371356,false
53.916932,true
53.464617,false
53.014456,false
52.566493,true
52.120773,false
51.677342,false
51.236242,false
50.797519,false
50.361216,false
-159.818854,true
49.496045,false
49.067264,false
48.641076,false
48.217524,false
47.796650,false
47.378496,false
-159.374419,true
46.550516,false
46.140773,false
45.733916,false
45.329986,false
44.929022,false
44.531066,false
44.136156,false
43.744333,false
43.355635,false
42.970102,false
42.587771,false
42.208682,false
41.832872,false
41.460379,false
41.091239,false
40.725491,false
40.363170,false
40.004312,true
39.648954,true
39.297131,false
38.948879,false
38.604231,false
38.263223,false
37.925889,false
37.592262,false
37.262376,true
36.936263,false
36.613957,false
36.295489,false
35.980892,false
35.670197,false
35.363435,false
35.060636,false
34.761831,false
34.467050,false
34.176322,false
33.889677,false
33.607142,false
33.328747,false
33.054519,false
32.784485,false
32.518673,false
32.257109,false
31.999820,false
31.746830,false
31.498165,false
31.253851,false
31.013911,false
30.778370,false
30.547251,false
30.320577,false
30.098372,false
29.880656,false
29.667452,false
29.458781,false
29.254665,false
29.055123,false
28.860175,false
28.669841,false
28.484141,false
28.303092,true
28.126712,false
27.955020,false
27.788032,false
27.625766,false
27.468236,false
27.315460,false
27.167453,false
27.024228,false
26.885801,false
26.752186,false
26.623395,false
26.499442,false
26.380339,false
26.266097,false
26.156730,false
26.052246,false
25.952657,false
25.857973,false
25.768203,false
25.683356,false
-138.710787,true
25.528465,false
25.458437,false
25.393362,false
25.333249,false
-76.286654,true
25.227926,false
25.182729,false
25.142512,false
25.107282,false
25.077041,false
25.051792,false
25.031538,false
25.016280,false
25.006021,false
25.000762,false
25.000502,false
25.005242,false
25.014982,false
25.029720,true
25.049455,false
25.074185,false
25.103907,false
25.138619,false
25.178317,false
25.222998,false
25.272656,false
25.327286,false
25.386884,false
25.451444,false
25.520958,false
25.595419,false
25.674822,false
25.759156,false
25.848415,false
25.942589,false
142.172050,true
26.145644,false
26.254505,false
26.368240,false
26.486839,false
26.610289,false
26.738577,false
26.871692,false
27.009620,false
27.152346,false
27.299857,false
27.452139,false
27.609175,false
27.770950,false
27.937448,false
28.108652,false
28.284545,false
28.465110,false
28.650328,false
28.840181,false
29.034650,false
29.233716,false
29.437358,false
29.645556,false
29.858290,false
30.075538,false
30.297278,false
-150.103822,true
30.754147,false
30.989229,false
31.228713,false
31.472574,false
31.720788,false
31.973329,false
127.341585,true
32.491294,false
32.756666,false
33.026262,false
33.300056,false
33.578019,false
-114.670762,true
34.146344,false
34.436649,false
34.731010,false
35.029398,false
35.331783,false
35.638135,false
35.948423,false
36.262616,false
36.580683,false
36.902592,false
37.228311,false
37.557806,false
37.891046,false
38.227997,false
38.568624,false
38.912895,false
39.260775,false
39.612228,false
39.967221,false
155.415275,true
40.687679,false
41.053073,true
41.421862,false
41.794009,false
42.169476,false
42.548226,true
42.930221,false
43.315423,false
43.703794,false
44.095294,false
44.489885,false
44.887527,false
45.288180,false
45.691804,false
46.098359,false
-93.377881,true
46.920098,false
47.335200,false
47.753069,false
48.173662,false
48.596938,false
49.022854,false
49.451368,false
49.882437,false
50.316017,false
50.752066,false
51.190540,false
51.631394,false
-90.072765,true
52.520070,false
52.967802,false
53.417737,false
53.869830,false
54.324036,false
161.200319,true
55.238606,false
55.698878,false
-127.240457,true
56.625166,false
57.091089,false
57.558804,false
58.028262,false
58.499418,false
58.972223,false
59.446632,false
59.922595,false
60.400067,false
60.878998,false
143.760145,true
61.841049,false
62.324072,false
62.808363,false
63.293874,false
63.780554,false
64.268357,false
64.757233,false
65.247133,false
65.738008,false
66.229810,false
66.722488,false
67.215995,false
135.322543,true
68.205293,false
68.700986,false
69.197309,false
69.694213,false
70.191647,false
70.689561,false
71.187907,false
71.686634,false
72.185692,false
72.685032,false
73.184603,false
73.684356,true
74.184240,false
74.684206,false
75.184204,false
75.684183,false
76.184094,false
76.683886,false
77.183510,true
77.682915,false
78.182052,false
-138.616418,true
79.179322,false
79.677355,false
80.174921,false
80.671968,false
81.168449,false
81.664313,false
82.159510,false
82.653991,false
83.147707,false
83.640609,false
84.132646,false
84.623770,true
85.113931,false
85.603081,false
86.091171,false
86.578152,false
87.063975,false
87.548591,false
88.031953,true
88.514012,false
88.994719,false
89.474026,false
89.951887,false
90.428252,false
90.903074,false
91.376306,false
91.847901,false
92.317810,false
92.785988,true
93.252387,false
93.716961,false
94.179664,false
94.640448,false
95.099268,false
95.556079,false
96.010834,false
96.463488,false
96.913995,false
97.362311,false
97.808391,false
98.252190,false
98.693664,false
99.132768,false
99.569460,false
100.003694,false
100.435428,false
-100.808764,true
101.291222,false
101.715197,false
102.136501,false
102.555091,false
102.970925,false
103.383962,false
103.794161,false
104.201480,false
104.605880,false
105.007319,false
-90.765128,true
105.801154,false
106.193472,false
106.582670,false
106.968710,false
107.351553,false
107.731161,false
108.107495,false
108.480519,false
108.850196,false
109.216487,false
109.579356,false
109.938768,false
110.294685,false
110.647074,false
110.995897,false
111.341121,false
111.682711,false
112.020633,false
112.354853,false
112.685337,true
113.012053,false
113.334967,false
113.654048,false
-75.238685,true
114.280583,false
114.587973,false
114.891405,false
115.190848,false
115.486272,false
115.777648,false
116.064945,false
116.348136,false
116.627192,true
116.902086,false
117.172790,false
117.439276,false
117.701518,false
117.959490,false
118.213166,false
118.462521,false
118.707530,false
118.948168,false
119.184412,false
119.416236,false
119.643620,false
119.866539,false
120.084971,false
120.298895,false
120.508289,false
120.713132,false
120.913404,true
121.109085,false
121.300155,false
121.486595,false
121.668386,false
121.845510,false
122.017950,false
122.185688,true
-79.365506,true
122.506993,false
122.660527,false
122.809295,true
122.953282,false
123.092474,false
123.226857,false
123.356417,false
123.481141,false
123.601018,false
123.716034,false
123.826179,true
123.931441,false
124.031810,false
124.127276,false
124.217829,false
124.303461,false
124.384162,false
124.459925,false
124.530742,false
124.596606,false
124.657510,false
124.713448,false
124.764416,false
124.810406,false
124.851416,false
124.887441,false
124.918477,false
124.944521,false
124.965571,false
124.981624,false
124.992679,false
124.998735,false
124.999792,false
124.995848,false
124.986904,true
124.972962,false
124.954023,false
124.930088,false
124.901161,false
124.867243,false
124.828339,false
124.784452,false
124.735586,false
124.681747,false
124.622940,false
132.704676,true
124.490445,false
124.416771,false
124.338155,false
124.254605,false
124.166130,true
124.072738,true
123.974439,false
123.871243,false
123.763159,false
123.650200,false
123.532375,false
123.409697,false
123.282178,false
123.149831,false
123.012669,false
122.870706,false
122.723956,false
122.572433,false
122.416153,false
122.255132,false
122.089385,false
121.918930,false
121.743782,false
121.563960,false
121.379482,false
121.190366,false
120.996630,false
120.798296,false
120.595381,false
120.387907,false
120.175894,false
119.959364,false
119.738337,false
119.512837,false
119.282886,false
119.048506,false
118.809722,false
-143.000114,true
118.319035,false
118.067181,false
117.811020,false
117.550579,false
117.285882,false
117.016957,false
116.743830,false
116.466529,false
116.185081,false
115.899515,false
115.609859,false
115.316142,false
115.018393,false
114.716642,false
114.410920,false
114.101257,false
-164.935584,true
113.470232,false
113.148933,false
112.823819,false
112.494923,false
112.162277,true
111.825915,false
111.485871,false
111.142178,false
110.794870,false
110.443984,false
110.089553,true
109.731613,false
109.370200,false
109.005350,false
108.637099,false
108.265485,false
107.890544,false
107.512314,false
107.130833,false
106.746139,false
106.358270,false
105.967266,false
105.573165,false
105.176006,false
104.775830,false
104.372677,false
103.966586,false
103.557598,false
103.145755,false
-137.348434,true
102.313667,true
101.893505,false
101.470653,true
101.045154,false
100.617051,true
100.186387,false
99.753203,false
99.317545,false
98.879454,false
98.438976,false
97.996154,false
97.551032,false
97.103655,false
96.654068,false
96.202315,false
-69.382306,true
95.292495,false
94.834518,false
94.374558,false
93.912660,false
93.448871,false
92.983237,false
92.515805,false
92.046621,false
91.575733,false
91.103187,false
90.629031,false
90.153311,false
89.676077,false
89.197375,true
88.717253,false
88.235760,false
87.752943,false
87.268850,false
86.783531,false
86.297033,false
85.809406,false
85.320698,false
84.830958,false
84.340234,false
83.848577,false
83.356035,true
82.862657,false
82.368493,false
81.873592,false
81.378004,false
80.881778,false
80.384964,false
79.887611,false
79.389769,false
78.891489,false
78.392819,false
77.893810,false
77.394512,true
76.894974,false
-160.605227,true
75.895381,false
75.395424,false
74.895428,false
74.395443,false
73.895518,false
73.395704,false
72.896050,false
72.396606,false
71.897423,false
71.398550,false
70.900037,false
70.401934,false
69.904291,false
69.407157,false
68.910583,false
68.414618,false
67.919311,false
67.424712,false
66.930871,false
66.437837,false
65.945659,false
65.454386,false
64.964068,false
64.474754,false
63.986492,false
63.499331,false
63.013320,true
62.528508,false
62.044944,false
61.562674,false
61.081749,false
60.602215,false
60.124121,false
59.647515,false
59.172443,false
58.698955,false
58.227097,true
57.756915,false
57.288459,false
56.821773,false
-138.450336,true
55.893902,false
55.432809,false
54.973672,false
54.516539,false
54.061454,false
53.608462,false
53.157610,false
52.708942,false
52.262503,false
51.818337,false
51.376490,false
50.937005,true
50.499927,false
50.065298,false
49.633163,false
49.203565,true
48.776546,false
48.352149,false
47.930418,false
47.511393,false
47.095117,false
46.681631,false
46.270978,false
45.863197,false
45.458330,true
45.056417,false
44.657498,false
44.261614,false
43.868803,false
43.479106,false
43.092560,false
42.709205,false
42.329080,false
41.952221,false
41.578667,false
41.208455,false
40.841623,false
40.478206,false
40.118241,false
39.761765,false
39.408812,false
39.059418,true
38.713619,false
38.371448,false
38.032939,false
37.698128,false
37.367046,false
37.039728,false
36.716206,false
36.396512,false
36.080679,false
35.768737,false
35.460719,false
35.156654,false
34.856574,false
34.560508,false
34.268486,false
33.980537,false
33.696690,false
33.416974,false
33.141415,false
32.870043,false
32.602883,false
32.339963,false
32.081309,false
31.826947,false
31.576902,false
31.331199,false
31.089863,false
30.852919,false
30.620388,false
-127.777468,true
30.168665,false
29.949516,false
29.734873,false
29.524756,false
29.319187,false
29.118185,false
28.921772,false
28.729967,false
28.542788,false
28.360255,false
132.516690,true
28.009199,false
27.840711,true
27.676939,false
27.517899,false
27.363607,false
27.214079,false
27.069329,false
26.929373,false
26.794223,false
26.663894,false
26.538399,false
26.417749,false
26.301958,false
26.191037,false
26.084996,false
25.983847,false
25.887600,false
25.796264,false
25.709848,false
25.628361,true
25.551811,false
25.480206,false
25.413552,false
25.351858,false
25.295128,false
25.243369,false
25.196585,false
25.154782,false
25.117963,false
25.086132,false
25.059292,false
25.037447,false
-107.225486,true
25.008747,true
25.001894,false
25.000042,false
25.003189,false
25.011337,false
25.024483,false
25.042626,false
25.065765,false
25.093898,false
25.127021,false
25.165131,false
25.208225,false
25.256298,false
25.309346,false
25.367362,false
25.430341,false
25.498278,false
25.571164,false
25.648994,false
25.731758,false
25.819450,false
25.912059,false
26.009577,false
26.111994,false
26.219300,false
26.331484,false
26.448534,false
26.570440,false
26.697189,false
26.828768,false
26.965164,false
27.106363,false
27.252352,false
27.403116,false
27.558639,true
-151.940900,true
27.883901,false
28.053608,false
28.228010,false
28.407088,false
28.590826,true
28.779205,false
28.972206,false
-139.742316,true
29.371996,true
29.578745,false
29.790037,false
30.005849,false
30.226161,false
-87.745358,true
30.680194,false
30.913870,false
31.151954,false
31.394423,false
31.641253,false
31.892419,false
32.147895,false
32.407656,false
32.671677,false
32.939931,false
33.212390,false
33.489028,false
33.769817,false
155.797728,true
34.343736,false
34.636809,false
34.933917,false
35.235032,false
35.540124,false
35.849162,true
36.162114,false
36.478951,false
36.799639,false
37.124148,false
37.452444,false
37.784494,false
38.120267,false
38.459727,true
38.802841,false
-84.548402,true
39.499894,false
39.853763,false
40.211146,false
40.572009,false
-161.080012,true
41.304025,false
41.675106,false
-66.427095,true
42.427228,false
42.808194,false
43.192379,false
43.579745,false
43.970252,false
44.363863,false
44.760537,false
45.160235,false
45.562917,false
45.968543,false
136.005085,true
46.788463,false
47.202675,false
47.619667,false
48.039397,false
48.461823,false
48.886903,false
49.314594,false
49.744854,false
50.177639,false
50.612906,false
51.050612,false
51.490713,false
51.933165,false
52.377923,false
52.824944,false
53.274182,false
53.725593,false
54.179131,true
54.634751,false
55.092408,false
55.552056,false
56.013648,false
56.477139,false
56.942482,false
57.409631,false
57.878539,false
58.349159,false
58.821444,false
59.295347,false
59.770820,false
60.247817,false
60.726288,false
61.206187,false
61.687465,false
62.170075,false
62.653967,false
63.139094,false
63.625407,false
64.112858,false
64.601397,false
65.090977,false
65.581547,false
66.073058,false
66.565463,false
67.058711,false
67.552753,false
68.047540,false
68.543022,false
69.039150,true
69.535874,false
70.033144,false
70.530911,false
71.029125,false
71.527736,true
72.026694,false
72.525950,false
73.025453,false
73.525153,false
74.025001,false
74.524946,false
75.024939,false
75.524929,false
76.024867,true
76.524703,false
77.024385,false
77.523866,false
78.023094,false
78.522020,false
79.020593,false
79.518765,false
80.016485,false
80.513703,false
81.010369,false
81.506435,false
82.001850,false
82.496565,false
82.990530,false
83.483696,false
147.334146,true
84.467434,false
84.957907,false
85.447385,false
85.935818,false
86.423157,false
86.909354,false
87.394360,false
87.878127,false
88.360606,false
88.841748,false
89.321507,false
89.799834,false
90.276680,false
-74.431428,true
91.225743,false
91.697864,false
92.168315,false
92.637050,true
93.104021,false
93.569181,false
94.032485,false
94.493885,false
94.953336,false
95.410792,false
95.866206,false
96.319534,false
96.770730,false
97.219749,false
97.666546,false
98.111077,false
98.553296,false
98.993160,false
99.430625,true
99.865646,false
100.298181,false
100.728187,false
-138.778939,true
101.580436,false
-85.113489,true
102.422054,false
102.838770,false
103.252703,true
126.870769,true
104.072052,false
104.477386,false
104.879772,false
105.279170,false
138.743639,true
106.068843,false
106.459039,false
106.846089,false
107.229955,false
107.610597,true
107.987979,false
135.566483,true
108.732808,false
109.100181,false
109.464145,false
109.824662,false
110.181696,false
110.535212,false
110.885175,false
111.231550,false
111.574301,false
111.913395,false
112.248797,false
112.580475,false
112.908395,false
113.232523,false
113.552829,false
113.869279,false
-115.213618,true
114.490488,false
114.795185,false
115.095901,false
115.392609,false
115.685277,false
115.973876,false
116.258379,false
116.538755,true
116.814977,false
117.087019,false
117.354851,false
117.618448,false
117.877783,false
118.132831,false
118.383565,false
118.629961,false
118.871994,false
119.109639,false
119.342874,false
119.571675,false
119.796018,false
120.015882,false
120.231244,false
120.442084,false
120.648379,false
120.850109,false
121.047254,false
121.239795,false
121.427711,false
121.610985,false
121.789598,true
121.963532,false
122.132770,false
122.297294,false
122.457089,false
122.612138,false
122.762426,false
122.907937,false
123.048658,false
123.184574,false
123.315672,false
123.441938,false
123.563360,false
123.679926,false
123.791624,false
123.898442,false
124.000371,false
124.097400,false
124.189519,false
124.276719,false
124.358992,false
124.436328,false
124.508722,false
124.576164,false
124.638649,false
124.696169,false
124.748721,false
124.796297,false
124.838894,false
124.876507,false
124.909133,false
124.936767,false
124.959408,false
124.977053,false
124.989701,false
124.997349,false
124.999998,false
124.997647,false
124.990296,false
124.977946,false
124.960598,false
124.938254,true
124.910917,false
124.878588,false
-135.139820,true
124.798972,false
124.751691,false
124.699436,false
124.642211,false
124.580021,false
124.512874,false
124.440775,false
124.363732,true
-123.159714,true
124.194846,false
124.103019,false
124.006282,false
123.904645,false
123.798117,false
-77.272193,true
123.570433,false
123.449300,false
123.323321,false
123.192511,false
123.056881,false
122.916446,false
122.771219,false
122.621215,false
122.466449,false
122.306936,false
122.142693,true
121.973735,false
121.800080,false
121.621745,false
121.438748,false
121.251107,false
121.058841,false
120.861969,false
120.660511,false
120.454487,false
120.243918,false
120.028824,false
119.809228,false
119.585150,false
119.356614,false
119.123643,false
118.886259,false
118.644486,false
-109.084457,true
-119.032236,true
117.893081,false
117.634000,false
117.370656,false
117.103075,false
116.831284,false
116.555309,false
116.275179,false
115.990922,false
115.702565,false
115.410139,false
115.113671,false
114.813192,false
114.508731,false
114.200320,false
113.887989,false
113.571769,false
113.251692,false
112.927790,false
112.600095,false
112.268640,false
111.933458,true
111.594583,false
111.252048,false
110.905889,false
110.556138,false
110.202832,false
109.846006,false
109.485696,false
109.121936,false
108.754765,true
126.595506,true
108.010333,true
107.633147,false
107.252697,false
106.869022,false
106.482161,false
106.092151,false
-120.903742,true
105.302843,false
104.903624,false
104.501414,false
104.096255,false
103.688185,false
103.277247,false
102.863482,false
102.446930,false
-70.739670,true
101.605634,false
101.180974,false
100.753695,false
100.323842,false
99.891456,false
99.456581,false
99.019261,false
98.579538,false
98.137458,false
97.693064,false
97.246401,false
96.797512,false
96.346445,false
95.893242,true
95.437951,true
94.980615,false
-156.722924,true
94.059996,false
93.596805,false
93.131753,false
92.664889,false
92.196258,false
91.725907,false
91.253884,false
90.780236,false
90.305009,false
89.828252,false
89.350013,false
88.870338,false
88.389276,false
87.906875,false
87.423184,false
86.938250,false
86.452123,false
85.964850,false
85.476481,false
84.987064,false
84.496649,false
84.005283,false
83.513018,false
83.019901,false
82.525982,false
82.031310,false
81.535935,false
81.039907,false
80.543275,false
80.046088,false
79.548397,false
79.050251,false
78.551700,false
78.052794,false
77.553582,false
77.054115,false
76.554443,false
76.054616,false
75.554682,false
75.054694,false
74.554700,false
74.054750,false
73.554895,false
73.055184,false
72.555668,false
72.056397,false
71.557420,false
71.058786,false
70.560548,false
70.062753,false
69.565451,false
69.068694,false
68.572529,false
68.077007,false
67.582177,false
67.088090,false
66.594793,false
66.102337,false
65.610770,false
65.120143,false
64.630503,false
64.141901,false
63.654384,false
63.168002,false
62.682803,false
62.198836,false
61.716148,false
61.234790,false
60.754807,false
60.276249,false
59.799164,false
59.323599,false
58.849601,false
58.377218,true
57.906498,false
57.437487,false
56.970232,false
56.504780,false
56.041177,false
55.579471,false
55.119706,true
54.661930,false
54.206187,true
53.752524,false
53.300985,false
52.851616,false
52.404462,false
51.959568,false
51.516978,false
51.076736,false
50.638886,false
50.203472,false
49.770538,false
49.340127,true
48.912282,false
48.487046,false
48.064460,false
47.644569,false
47.227413,false
46.813034,false
46.401474,false
45.992773,false
45.586974,false
45.184115,false
44.784239,false
44.387383,false
43.993589,false
43.602896,false
43.215342,false
42.830967,false
42.449809,false
42.071905,false
41.697295,false
41.326014,false
40.958101,false
40.593592,false
-111.082733,true
39.874933,false
39.520854,false
39.170322,false
38.823374,false
38.480044,false
38.140365,false
37.804372,false
37.472099,false
37.143579,false
36.818844,false
36.497927,false
36.180861,false
35.867676,false
35.558405,false
35.253077,false
34.951725,false
34.654377,false
34.361064,false
34.071814,false
33.786657,false
33.505622,false
33.228736,false
32.956027,false
32.687523,false
32.423249,false
32.163234,false
31.907502,false
31.656079,false
31.408990,false
31.166261,false
30.927915,false
30.693976,false
30.464468,false
30.239413,false
30.018834,true
29.802753,false
29.591192,false
29.384172,false
29.181713,false
28.983837,false
28.790561,false
28.601907,false
28.417892,false
28.238536,false
28.063856,false
27.893869,false
27.728593,false
27.568044,false
27.412238,false
27.261190,false
27.114917,false
26.973432,false
26.836750,false
26.704884,false
26.577848,false
26.455653,false
26.338313,false
26.225840,false
26.118243,false
26.015535,false
25.917725,false
25.824823,false
25.736839,false
25.653781,false
25.575658,false
25.502477,false
25.434246,false
25.370971,false
25.312659,false
25.259316,false
-106.958716,true
25.167556,false
25.129149,false
25.095729,false
25.067300,false
25.043863,false
25.025422,false
25.011979,false
25.003534,false
25.000089,false
25.001644,false
25.008199,false
25.019753,false
25.036305,false
25.057853,false
25.084395,false
25.115929,false
25.152451,false
25.193958,false
25.240445,false
25.291909,false
25.348343,false
25.409742,false
25.476100,false
25.547411,false
25.623667,false
25.704860,false
130.348271,true
25.882027,false
25.977982,false
26.078840,false
26.184590,false
26.295221,false
26.410723,false
26.531083,false
26.656291,false
26.786332,false
26.921196,false
27.060866,true
27.205331,false
-97.343799,true
27.508584,false
27.667342,false
27.830833,false
27.999041,false
28.171949,false
28.349540,false
28.531795,false
28.718698,false
28.910229,true
29.106368,false
29.307097,false
29.512395,false
29.722242,false
29.936617,false
30.155498,false
30.378863,false
30.606690,false
30.838957,false
31.075640,false
31.316715,false
31.562158,false
31.811946,false
32.066052,false
32.324451,false
32.587118,false
32.854026,false
33.125148,false
33.400459,false
33.679929,false
33.963531,false
34.251236,false
34.543017,false
34.838843,false
35.138685,false
35.442513,false
35.750297,false
36.062006,false
36.377609,false
36.697074,false
37.020369,false
37.347462,false
37.678321,false
38.012911,false
38.351200,false
38.693154,false
39.038739,true
39.387920,false
-123.845060,true
40.096929,false
40.456688,false
40.819900,false
41.186530,false
41.556542,false
41.929898,false
42.306561,false
42.686493,false
43.069657,false
43.456014,false
43.845525,false
44.238151,false
44.633854,false
-145.559782,true
45.434329,false
45.839022,false
46.246630,false
46.657114,false
47.070432,false
47.486543,false
47.905406,false
48.326977,false
48.751216,false
49.178080,false
49.607527,false
50.039512,false
50.473993,false
134.941765,true
51.350270,false
51.791978,false
52.236006,false
52.682311,false
53.130848,true
53.581572,false
54.034437,false
54.489399,false
54.946412,false
55.405430,false
55.866408,false
56.329299,false
56.794058,false
57.260636,false
57.728989,false
58.199069,false
-149.492760,true
59.144221,false
59.619200,false
60.095716,false
60.573723,false
61.053172,false
61.534017,false
62.016207,false
62.499696,false
62.984435,false
63.470376,false
63.957470,false
64.445667,false
-91.016438,true
65.425180,false
65.916398,false
66.408523,false
66.901508,false
67.395302,false
67.889857,false
68.385123,false
68.881051,false
69.377590,false
69.874692,false
70.372306,false
70.870383,false
71.368873,false
71.867726,false
72.366892,false
72.866322,false
73.365965,false
73.865771,false
74.365691,false
74.865674,false
75.365670,false
75.865630,false
76.365504,false
76.865241,false
77.364791,false
77.864105,false
78.363132,false
-163.964152,true
79.360129,false
79.857998,false
80.355381,false
80.852229,false
81.348491,false
-160.395740,true
82.339062,false
82.833271,false
83.326697,false
83.819290,false
84.311002,false
84.801782,false
85.291582,false
85.780353,false
86.268046,false
86.754612,false
87.240003,false
87.724170,false
88.207064,false
88.688638,false
89.168842,false
89.647630,false
90.124953,false
90.600764,false
91.075015,false
91.547658,false
92.018646,false
92.487933,false
92.955470,false
93.421213,false
93.885113,false
94.347124,false
94.807201,false
95.265297,false
95.721367,true
96.175364,false
96.627245,false
97.076962,false
97.524472,false
97.969729,false
98.412689,false
98.853308,true
99.291542,false
99.727346,false
100.160678,false
100.591494,false
101.019751,false
101.445405,false
101.868416,false
102.288739,false
-114.501292,true
-75.323876,true
103.533169,false
103.942328,false
104.348592,false
104.751922,false
105.152276,false
105.549615,false
105.943899,false
106.335089,false
-146.361069,true
107.108030,false
107.489703,false
107.868127,false
108.243265,false
108.615078,false
108.983530,false
109.348583,false
109.710202,false
110.068350,false
110.422991,false
110.774089,false
111.121610,true
111.465519,false
111.805782,false
112.142364,false
112.475232,false
112.804352,false
113.129692,false
113.451219,false
113.768901,false
114.082706,true
114.392602,false
114.698560,false
115.000548,false
115.298535,false
115.592493,false
115.882392,false
116.168202,false
116.449896,false
116.727445,false
117.000821,false
117.269997,false
117.534946,false
117.795641,false
160.689665,true
118.304168,false
118.551948,false
118.795374,false
119.034419,false
119.269062,false
119.499277,false
119.725043,false
119.946336,false
120.163135,false
120.375417,false
120.583162,false
120.786348,true
120.984956,false
121.178966,false
121.368357,false
121.553112,false
121.733211,false
121.908638,false
122.079373,false
122.245401,false
122.406704,false
122.563266,false
122.715072,false
122.862107,false
123.004355,false
123.141803,false
123.274437,false
123.402244,false
123.525210,false
123.643324,false
123.756573,false
123.864947,false
123.968435,false
124.067026,false
124.160710,false
124.249478,false
124.333321,false
124.412231,false
124.486199,false
124.555219,false
124.619284,false
124.678386,false
124.732521,false
124.781683,false
124.825866,false
124.865067,true
124.899282,false
124.928507,false
124.952738,false
124.971975,false
124.986215,false
124.995455,false
124.999697,false
124.998938,false
124.993180,false
124.982422,false
124.966666,false
133.825268,true
124.920167,false
124.889428,false
124.853700,false
124.812986,false
124.767292,true
124.716621,false
124.660978,false
124.600369,false
124.534800,false
124.464278,false
124.388809,false
124.308401,false
124.223063,false
124.132802,false
-78.714989,true
123.937551,false
123.832580,false
123.722725,false
123.607998,false
123.488411,false
123.363974,false
123.234702,false
123.100606,false
122.961700,false
122.817997,false
122.669513,true
122.516262,false
122.358260,false
122.195522,false
122.028064,false
121.855903,false
121.679057,false
121.497543,false
121.311379,false
121.120585,false
120.925178,false
120.725178,false
120.520607,false
120.311483,false
120.097828,false
119.879663,true
119.657011,true
119.429892,false
119.198331,false
118.962350,false
118.721973,false
118.477224,false
118.228127,true
117.974707,false
117.716990,false
117.455001,false
117.188766,false
116.918313,false
116.643668,false
116.364859,false
116.081913,false
115.794859,false
115.503725,false
115.208542,false
114.909337,false
114.606142,false
114.298986,false
113.987900,false
-160.054608,true
113.354063,false
113.031376,false
112.704885,false
112.374624,false
112.040626,false
111.702924,false
111.361551,false
111.016542,false
110.667932,false
110.315755,false
109.960046,false
109.600842,true
109.238177,false
108.872088,false
-88.199787,true
108.129787,false
107.753648,false
107.374234,true
106.991582,false
106.605732,false
106.216720,false
105.824587,false
-162.962673,true
105.031114,false
104.629853,false
104.225628,false
-69.666257,true
103.408453,false
102.995583,false
102.579914,false
102.161487,false
101.740344,false
101.316527,false
100.890078,false
100.461040,false
100.029457,false
127.110684,true
99.158824,false
98.719862,true
98.278527,false
97.834866,false
97.388920,false
96.940736,false
96.490358,false
96.037830,false
131.548524,true
95.126510,false
94.667808,false
-125.349170,true
93.744549,false
93.280085,false
92.813793,false
92.345720,false
91.875912,false
91.404417,false
90.931281,false
90.456552,false
89.980277,false
89.502505,false
89.023282,true
88.542657,false
88.060677,false
87.577392,false
87.092848,false
86.607096,false
86.120183,false
85.632158,false
85.143069,false
-109.383369,true
84.161898,false
83.669914,false
139.812146,true
82.683394,false
82.188957,false
81.693801,false
81.197975,false
80.701530,false
80.204515,false
79.706979,false
79.208972,false
78.710545,false
78.211746,false
77.712627,false
77.213236,false
76.713623,false
76.213840,false
75.713935,false
75.213958,false
74.713961,false
-158.492907,true
73.714101,false
73.214339,false
72.714755,false
72.215401,false
71.716324,false
-90.560272,true
70.719206,false
70.221264,true
69.723801,false
69.226864,false
68.730505,false
68.234773,false
67.739718,false
67.245388,false
66.751834,false
66.259105,false
65.767250,false
65.276318,false
64.786358,false
64.297420,false
63.809552,false
63.322803,false
62.837222,false
62.352857,false
61.869757,false
61.387970,false
60.907544,false
60.428527,false
59.950968,false
59.474913,false
59.000411,false
58.527508,false
58.056253,false
57.586693,false
57.118873,false
56.652842,false
56.188645,false
55.726330,false
55.265942,false
54.807527,true
54.351132,false
53.896801,false
53.444581,false
52.994516,false
52.546652,false
52.101033,false
51.657704,false
51.216709,false
50.778092,false
50.341898,false
-135.620387,true
49.476950,false
49.048283,false
48.622211,false
48.198776,false
47.778022,false
47.359990,false
46.944722,false
46.532260,false
46.122644,false
45.715916,false
45.312116,false
44.911286,false
44.513464,false
44.118690,false
43.727005,false
43.338447,false
42.953055,false
42.570868,false
42.191923,false
41.816260,false
41.443915,false
41.074925,false
-105.601588,true
40.347160,false
39.988457,false
39.633255,false
39.281590,false
38.933497,false
38.589010,false
38.248165,false
37.910994,false
37.577533,false
37.247813,false
36.921869,false
36.599733,false
36.281436,false
35.967012,false
35.656491,false
35.349904,false
35.047282,false
34.748655,false
34.454053,false
34.163506,false
33.877043,false
33.594691,false
33.316481,false
-91.353997,true
32.772592,false
32.506968,true
32.245593,false
31.988494,false
31.735695,false
31.487224,false
31.243103,false
31.003358,true
30.768013,false
30.537091,true
30.310615,false
30.088608,false
29.871092,false
29.658089,false
29.449620,false
29.245706,false
29.046368,false
28.851625,false
28.661496,true
28.476002,false
28.295160,false
28.118988,true
27.947504,false
27.780726,false
27.618669,false
27.461351,false
27.308786,false
27.160991,false
27.017979,false
26.879765,false
26.746364,false
26.617788,false
26.494050,false
26.375162,false
26.261137,false
26.151986,false
26.047719,false
-128.947498,true
25.853882,false
25.764331,false
25.679702,false
25.600006,false
25.525250,false
25.455442,false
25.390587,false
25.330694,false
25.275768,false
25.225814,false
25.180837,false
25.140842,false
25.105833,false
25.075814,false
25.050786,false
25.030754,false
25.015719,false
25.005682,false
25.000644,false
25.000606,false
25.005568,false
25.015530,false
25.030490,false
-72.080818,true
25.075399,false
25.105343,false
25.140276,false
25.180196,false
25.225097,false
25.274976,false
25.329828,false
25.389646,false
25.454425,false
25.524159,false
25.598841,false
25.678462,false
25.763016,false
25.852493,false
25.946885,false
26.046182,false
26.150375,false
26.259452,false
26.373404,false
26.492218,false
26.615883,false
26.744386,false
26.877715,false
27.015856,false
27.158795,false
27.306519,false
27.459011,false
27.616258,false
27.778243,false
27.944951,false
28.116363,false
28.292464,false
28.473236,false
-135.164954,true
28.848719,true
29.043393,false
29.242662,false
29.446507,false
29.654907,true
29.867842,false
30.085290,false
30.307229,false
30.533637,false
30.764493,false
30.999771,false
31.239450,false
31.483504,false
31.731911,false
31.984644,false
32.241678,false
32.502989,false
32.768549,false
33.038332,false
33.312311,false
33.590459,false
33.872748,false
34.159150,false
34.449635,false
34.744176,false
148.549718,true
35.345304,false
35.651831,false
35.962293,false
36.276659,false
36.594897,false
36.916976,false
37.242863,false
37.572525,false
37.905931,true
38.243045,false
38.583836,false
38.928268,false
39.276307,false
39.627918,false
39.983067,false
40.341717,false
40.703833,false
41.069379,false
41.438317,false
41.810612,false
42.186226,true
42.565121,false
42.947259,false
43.332603,false
43.721114,false
44.112752,false
44.507479,false
44.905255,false
45.306041,false
45.709796,false
46.116480,false
46.526053,false
46.938472,false
47.353698,false
47.771689,false
48.192402,false
48.615796,false
49.041829,false
49.470457,false
49.901638,false
50.335329,false
50.771487,false
51.210067,false
51.651026,false
52.094320,false
52.539905,false
52.987736,false
53.437768,false
53.889956,false
54.344255,false
54.800620,false
55.259004,false
55.719363,false
56.181650,false
56.645818,false
57.111822,false
57.579615,false
58.049149,false
58.520379,false
58.993257,false
59.467735,false
59.943767,false
60.421304,false
60.900299,false
61.380704,false
61.862471,false
62.345552,false
62.829898,false
63.315462,false
63.802193,false
64.290045,false
64.778967,false
65.268911,false
65.759829,false
66.251670,false
66.744387,false
163.679006,true
67.732247,false
68.227292,false
68.723014,false
69.219364,false
69.716292,false
70.213748,false
70.711683,false
71.210047,false
71.708790,false
72.207861,false
72.707213,false
73.206793,false
73.706553,false
74.206442,false
74.706410,false
75.206408,false
75.706385,false
76.206291,false
76.706077,false
77.205692,false
77.705087,false
78.204211,true
78.703015,false
79.201448,false
79.699461,false
80.197005,false
80.694028,false
148.789403,true
81.686318,false
82.181484,false
82.675933,false
83.169614,true
83.662478,false
84.154475,false
84.645557,false
85.135675,false
85.624779,false
86.112821,false
86.599751,false
87.085522,false
87.570083,true
-132.853178,true
88.535388,false
89.016034,false
89.495278,false
89.973073,false
90.449371,false
90.924123,false
91.397284,false
162.351364,true
92.338638,false
92.806738,false
93.273057,false
93.737549,false
94.200167,false
94.660865,false
95.119597,false
95.576317,false
96.030980,false
96.483539,false
96.933951,false
97.382168,false
97.828148,true
98.271845,false
98.713214,false
99.152212,true
99.588795,false
100.022920,false
100.454542,false
100.883618,false
101.310106,false
101.733964,false
-107.003495,true
102.573616,false
102.989327,false
103.402239,false
103.812311,false
104.219501,false
104.623770,false
105.025076,false
105.423380,false
